asset,annualized_return,annualized_volatility,sharpe_ratio,sortino_ratio,max_drawdown,historical_var_95,historical_cvar_95,observations
brazil_equity,0.09934689951398368,0.2314418400688321,0.5257261816170737,0.6864041986888737,-0.4693169006552962,-0.022127118263983534,-0.032789430871391065,3238
fx_usdbrl,0.06339064588979904,0.16457765312636358,0.45560656166901664,0.7032795344315735,-0.2680175321120728,-0.01591666719584553,-0.022268484172954895,3238
brazil_external,0.025670252800150006,0.339143042905993,0.24627620421557198,0.32320719550387333,-0.6654091647528162,-0.032951048671747196,-0.048428659547290906,3238
global_equity,0.13300025816195404,0.16920283248693574,0.8229717440423893,0.98509705783248,-0.33717259886422923,-0.016047098037289605,-0.025869488719144778,3238
vix,0.022417603201436265,1.334638266118204,0.6238276532467717,1.2759076062642416,-0.8565727499514695,-0.10526705181731917,-0.14196897804819628,3238
