asset,annualized_return,annualized_volatility,sharpe_ratio,sortino_ratio,max_drawdown,historical_var_95,historical_cvar_95,observations
brazil_equity,0.09921776356944467,0.23144246752673564,0.5252175704974573,0.6858195140199348,-0.4693169006552962,-0.022127118263983534,-0.032789430871391065,3238
fx_usdbrl,0.06340180233714232,0.16457933961635013,0.45566730140501793,0.7033805007218419,-0.2680175321120728,-0.01591666719584553,-0.022268484172954895,3238
brazil_external,0.02567024654119976,0.33914304093070513,0.24627618683969227,0.32320715669742717,-0.6654091441796515,-0.03295118679036557,-0.04842865946944641,3238
global_equity,0.1330002672174584,0.1692028900403887,0.8229715713137269,0.9850957091172722,-0.3371727136343,-0.016046952809243932,-0.02586950767876776,3238
vix,0.022417603201436265,1.334638266118204,0.6238276532467717,1.2759076062642416,-0.8565727499514695,-0.10526705181731917,-0.14196897804819628,3238
