asset,annualized_return,annualized_volatility,sharpe_ratio,sortino_ratio,max_drawdown,historical_var_95,historical_cvar_95,observations
brazil_equity,0.09921776356944467,0.23144246752673564,0.5252175704974573,0.6858195140199348,-0.4693169006552962,-0.022127118263983534,-0.032789430871391065,3238
fx_usdbrl,0.06314645289074328,0.16454304774001588,0.45427243652356175,0.7010727194523181,-0.2680175321120728,-0.01591666719584553,-0.022268484172954895,3238
brazil_external,0.025670271577004078,0.3391430858523279,0.24627627186554732,0.3232072097302423,-0.6654091233745152,-0.03295112186823079,-0.04842866600975681,3238
global_equity,0.1330002672174595,0.16920297306733786,0.8229712502628829,0.9850955287712795,-0.33717261607195625,-0.01604688536642089,-0.02586951122047665,3238
vix,0.022417603201436265,1.334638266118204,0.6238276532467717,1.2759076062642416,-0.8565727499514695,-0.10526705181731917,-0.14196897804819628,3238
