asset,annualized_return,annualized_volatility,sharpe_ratio,sortino_ratio,max_drawdown,historical_var_95,historical_cvar_95,observations
brazil_equity,0.09921776356944467,0.23144246752673564,0.5252175704974573,0.6858195140199348,-0.4693169006552962,-0.022127118263983534,-0.032789430871391065,3238
fx_usdbrl,0.06339064588979904,0.16457765312636358,0.45560656166901664,0.7032795344315735,-0.2680175321120728,-0.01591666719584553,-0.022268484172954895,3238
brazil_external,0.025670252800149784,0.33914308667731347,0.24627622140968,0.3232071712527649,-0.6654092160697402,-0.03295143472552535,-0.04842865998161943,3238
global_equity,0.13300025816195404,0.16920295841274846,0.8229712588277251,0.9850958518735049,-0.3371725001650744,-0.016047111738508132,-0.02586951577121544,3238
vix,0.022417603201436265,1.334638266118204,0.6238276532467717,1.2759076062642416,-0.8565727499514695,-0.10526705181731917,-0.14196897804819628,3238
