asset,annualized_return,annualized_volatility,sharpe_ratio,sortino_ratio,max_drawdown,historical_var_95,historical_cvar_95,observations
brazil_equity,0.09918674543886041,0.23144273193456502,0.5250952509628287,0.6856728720048604,-0.4693169006552962,-0.022127118263983534,-0.032789430871391065,3238
fx_usdbrl,0.06316722517662421,0.16454582002987497,0.45438626775211627,0.7012602086262085,-0.2680175321120728,-0.01591666719584553,-0.022268484172954895,3238
brazil_external,0.02565841171398442,0.3391434218323205,0.24624226029158192,0.32316374807362486,-0.6654090824601442,-0.032951000799936514,-0.048428666781643856,3238
global_equity,0.1330037948138758,0.16920292293652558,0.8229898545023849,0.9851181896346842,-0.33717266428472736,-0.016047075796282135,-0.025869504075727155,3238
vix,0.021869135291754827,1.3346829427069846,0.6234543635463671,1.274988036844219,-0.8565727499514695,-0.10526705181731917,-0.14200628460081416,3238
