asset,annualized_return,annualized_volatility,sharpe_ratio,sortino_ratio,max_drawdown,historical_var_95,historical_cvar_95,observations
brazil_equity,0.09968553812483583,0.23141158953855967,0.5270959866595676,0.6881804894251902,-0.4693169006552962,-0.02212495072394303,-0.032789430871391065,3239
fx_usdbrl,0.0631151698626009,0.16451768174151649,0.4541382623310823,0.700723815410986,-0.2680175321120728,-0.015916465747335906,-0.022268484172954895,3239
brazil_external,0.02621706204124652,0.33909574220430455,0.2478349301334998,0.32520735705295073,-0.6654092572160513,-0.032944062944438565,-0.048428663058052546,3239
global_equity,0.13218041629802557,0.1691967444668303,0.8187147217916317,0.980308078878962,-0.3371726814924656,-0.016041791594686224,-0.025869499474762536,3239
vix,0.028104832582312333,1.334577832946055,0.6279770193665957,1.284336099515664,-0.8565727499514695,-0.10524591875011993,-0.14196897804819628,3239
