asset,annualized_return,annualized_volatility,sharpe_ratio,sortino_ratio,max_drawdown,historical_var_95,historical_cvar_95,observations
brazil_equity,0.09965983542215917,0.23141105852508523,0.5269956171594046,0.6880478674028119,-0.4693169006552962,-0.02212495072394303,-0.032789430871391065,3239
fx_usdbrl,0.06312635443881143,0.16451765845189864,0.4542022699210434,0.7008562721786372,-0.2680175321120728,-0.015916465747335906,-0.022268484172954895,3239
brazil_external,0.026158223157719762,0.339094630334565,0.2476654902277152,0.3249839981176507,-0.665409103265289,-0.03294395760293493,-0.0484286681264718,3239
global_equity,0.13217353144002542,0.16919718695330338,0.818677065965763,0.9802637330201095,-0.3371726975633842,-0.016041658320413994,-0.025869522491411265,3239
vix,0.028065458376406616,1.3345756628570753,0.6279472274035225,1.2842730808170308,-0.8565727499514695,-0.10524591875011993,-0.14196897804819628,3239
