asset,annualized_return,annualized_volatility,sharpe_ratio,sortino_ratio,max_drawdown,historical_var_95,historical_cvar_95,observations
brazil_equity,0.09921776356944467,0.23144246752673564,0.5252175704974573,0.6858195140199348,-0.4693169006552962,-0.022127118263983534,-0.032789430871391065,3238
fx_usdbrl,0.06324548571883182,0.16455655060499685,0.4548145603030096,0.7019669726580862,-0.2680175321120728,-0.01591666719584553,-0.022268484172954895,3238
brazil_external,0.025670246541199093,0.33914305072009876,0.24627619359815958,0.3232070805886317,-0.6654092879598104,-0.03295109300782506,-0.04842867779457526,3238
global_equity,0.13300027627296496,0.16920292223835334,0.8229714933169786,0.9850954930531242,-0.3371725495146515,-0.016046870217758115,-0.025869514695519267,3238
vix,0.022417603201436265,1.334638266118204,0.6238276532467717,1.2759076062642416,-0.8565727499514695,-0.10526705181731917,-0.14196897804819628,3238
