asset,annualized_return,annualized_volatility,sharpe_ratio,sortino_ratio,max_drawdown,historical_var_95,historical_cvar_95,observations
brazil_equity,0.09916605566046788,0.23144293273734712,0.5250136284774843,0.6855748073763177,-0.4693169006552962,-0.022127118263983534,-0.032789430871391065,3238
fx_usdbrl,0.0612681775277506,0.16442125324974205,0.4437312826853054,0.6842978030830166,-0.2680175321120728,-0.01591666719584553,-0.022268484172954895,3238
brazil_external,0.02567025280015045,0.33914305497131825,0.24627621035549124,0.32320711066850594,-0.665409092862717,-0.03295114245430983,-0.04842867013992224,3238
global_equity,0.13300623702558934,0.1692030391796156,0.8230021530124476,0.9851324981430426,-0.33717253344371856,-0.016047177025693807,-0.025869551663989486,3238
vix,0.021317148755962467,1.3347297482641562,0.6230800998163409,1.2740526569567243,-0.8565727499514695,-0.10526705181731917,-0.14204359170079403,3238
