asset,annualized_return,annualized_volatility,sharpe_ratio,sortino_ratio,max_drawdown,historical_var_95,historical_cvar_95,observations
brazil_equity,0.09924360671972843,0.23144228082589466,0.5253194376225558,0.6859413452115519,-0.4693169006552962,-0.022127118263983534,-0.032789430871391065,3238
fx_usdbrl,0.0612681775277506,0.16442125324974205,0.4437312826853054,0.6842978030830166,-0.2680175321120728,-0.01591666719584553,-0.022268484172954895,3238
brazil_external,0.025658424231742805,0.3391433805453166,0.2462422803117594,0.3231637437866559,-0.6654091647528166,-0.032951144415368575,-0.04842865761405507,3238
global_equity,0.1332290136987917,0.16920653550092243,0.8241511958866324,0.9865280570041984,-0.33717253344371845,-0.016047275988628314,-0.02586952529981133,3238
vix,0.020804474831223496,1.3347748414619696,0.6227337735972762,1.2731752679413015,-0.8565727499514695,-0.10526705181731917,-0.1420780284343856,3238
