asset,annualized_return,annualized_volatility,sharpe_ratio,sortino_ratio,max_drawdown,historical_var_95,historical_cvar_95,observations
brazil_equity,0.09924877133211019,0.23144224717826842,0.5253397903032926,0.6859656548186873,-0.4693169006552962,-0.022127118263983534,-0.032789430871391065,3238
fx_usdbrl,0.06325027387642579,0.16455722180739943,0.4548407347875662,0.7020102340998974,-0.2680175321120728,-0.01591666719584553,-0.022268484172954895,3238
brazil_external,0.02558729218293987,0.3391455185075627,0.2460383242553672,0.32290239057056747,-0.6654091543502529,-0.03295089567820366,-0.04842866441777233,3238
global_equity,0.13305510635267837,0.1692034162024886,0.8232557409217991,0.985439679074957,-0.3371726482138071,-0.016047385757795317,-0.0258695009650279,3238
vix,0.020847307550106553,1.3347710150517385,0.6227626609403182,1.27324888339763,-0.8565727499514695,-0.10526705181731917,-0.14207515916272132,3238
