asset,annualized_return,annualized_volatility,sharpe_ratio,sortino_ratio,max_drawdown,historical_var_95,historical_cvar_95,observations
brazil_equity,0.09921776356944467,0.23144246752673564,0.5252175704974573,0.6858195140199348,-0.4693169006552962,-0.022127118263983534,-0.032789430871391065,3238
fx_usdbrl,0.06339064588979904,0.16457765312636358,0.45560656166901664,0.7032795344315735,-0.2680175321120728,-0.01591666719584553,-0.022268484172954895,3238
brazil_external,0.025670265318052277,0.33914312612005293,0.24627626715448334,0.32320717125134785,-0.6654091545822167,-0.03295130628395418,-0.048428663922394845,3238
global_equity,0.13300025816195382,0.16920289802451047,0.8229714919171847,0.9850956180548787,-0.3371726975633842,-0.01604708488473023,-0.025869497550790245,3238
vix,0.022417603201436265,1.334638266118204,0.6238276532467717,1.2759076062642416,-0.8565727499514695,-0.10526705181731917,-0.14196897804819628,3238
