asset,annualized_return,annualized_volatility,sharpe_ratio,sortino_ratio,max_drawdown,historical_var_95,historical_cvar_95,observations
brazil_equity,0.09918566009121799,0.2314067653913745,0.525136423398414,0.6856077759791753,-0.4693169006552962,-0.02212495072394303,-0.032789430871391065,3239
fx_usdbrl,0.06322535481874514,0.16451782958356323,0.4547681393746653,0.7017301663064106,-0.2680175321120728,-0.015916465747335906,-0.022268484172954895,3239
brazil_external,0.025662226604294958,0.3390907189197293,0.24623819906890435,0.3231073602557043,-0.6654091853259783,-0.03294400352269977,-0.04842867029217794,3239
global_equity,0.13295658888149609,0.1691768622903645,0.8228440930000733,0.9847918074696693,-0.3371728284043479,-0.016041505786443297,-0.025869500851116937,3239
vix,0.02241060507139503,1.334432478505861,0.6237312273990856,1.2755136860400167,-0.8565727499514695,-0.10524591875011993,-0.14196897804819628,3239
