asset,annualized_return,annualized_volatility,sharpe_ratio,sortino_ratio,max_drawdown,historical_var_95,historical_cvar_95,observations
brazil_equity,0.09921776356944467,0.23144246752673564,0.5252175704974573,0.6858195140199348,-0.4693169006552962,-0.022127118263983534,-0.032789430871391065,3238
fx_usdbrl,0.06314645289074328,0.16454304774001588,0.45427243652356175,0.7010727194523181,-0.2680175321120728,-0.01591666719584553,-0.022268484172954895,3238
brazil_external,0.02567026531805272,0.3391430335385607,0.24627623557806141,0.32320720673625275,-0.665409123606485,-0.032951092235072976,-0.04842865443299024,3238
global_equity,0.13300023099544456,0.1692029694144278,0.822971076861577,0.9850950504825523,-0.3371727297052124,-0.016046963760520526,-0.02586954489469755,3238
vix,0.022417603201436265,1.334638266118204,0.6238276532467717,1.2759076062642416,-0.8565727499514695,-0.10526705181731917,-0.14196897804819628,3238
