asset,annualized_return,annualized_volatility,sharpe_ratio,sortino_ratio,max_drawdown,historical_var_95,historical_cvar_95,observations
brazil_equity,0.09975746313199663,0.23141323952547008,0.5273766284038369,0.688551806805514,-0.4693169006552962,-0.02212495072394303,-0.032789430871391065,3239
fx_usdbrl,0.06307521246899817,0.16451783550356133,0.4539094629751685,0.7004042638980535,-0.2680175321120728,-0.015916465747335906,-0.022268484172954895,3239
brazil_external,0.02635816480468045,0.3390987633990942,0.2482413035242344,0.3257436186743807,-0.6654091238384552,-0.0329440458074323,-0.04842865236824495,3239
global_equity,0.13215429702128456,0.1691980169159988,0.818573423028178,0.9801415865475717,-0.33717263100607686,-0.01604156842710812,-0.025869514667322926,3239
vix,0.030969992399796364,1.3347835923033866,0.6301599758398365,1.288999375038226,-0.8565727499514695,-0.10524591875011993,-0.14196897804819628,3239
