asset,annualized_return,annualized_volatility,sharpe_ratio,sortino_ratio,max_drawdown,historical_var_95,historical_cvar_95,observations
brazil_equity,0.09921776356944467,0.23144246752673564,0.5252175704974573,0.6858195140199348,-0.4693169006552962,-0.022127118263983534,-0.032789430871391065,3238
fx_usdbrl,0.06340658216163542,0.16458006499712002,0.45569331877710134,0.7034237621636528,-0.2680175321120728,-0.01591666719584553,-0.022268484172954895,3238
brazil_external,0.025670259059101364,0.33914307300494556,0.24627623067910873,0.3232071820687118,-0.6654091236064851,-0.0329511295841909,-0.048428664764611905,3238
global_equity,0.13300024005094735,0.1692029914770774,0.8229710344975352,0.985095304554811,-0.3371726975633845,-0.016047200489478705,-0.02586951497954752,3238
vix,0.022417603201436265,1.334638266118204,0.6238276532467717,1.2759076062642416,-0.8565727499514695,-0.10526705181731917,-0.14196897804819628,3238
