asset,annualized_return,annualized_volatility,sharpe_ratio,sortino_ratio,max_drawdown,historical_var_95,historical_cvar_95,observations
brazil_equity,0.09922292962072765,0.2314424277622346,0.5252379370286673,0.6858438932303279,-0.4693169006552962,-0.022127118263983534,-0.032789430871391065,3238
fx_usdbrl,0.06317042517467697,0.16454624993185682,0.45440379795523866,0.7012890954395007,-0.2680175321120728,-0.01591666719584553,-0.022268484172954895,3238
brazil_external,0.02564657248452762,0.3391437725544145,0.2462083150750769,0.3231202170090438,-0.6654091749234168,-0.032951140493251374,-0.04842866693568278,3238
global_equity,0.13306517800956885,0.16920363737134753,0.8233074500692259,0.9855022750247093,-0.33717276298387266,-0.016047130760603975,-0.02586949920143025,3238
vix,0.021996010353887874,1.334672444175144,0.6235405904089701,1.2752016417815617,-0.8565727499514695,-0.10526705181731917,-0.14199767569109725,3238
