asset,annualized_return,annualized_volatility,sharpe_ratio,sortino_ratio,max_drawdown,historical_var_95,historical_cvar_95,observations
brazil_equity,0.09953122283888427,0.23140886391075274,0.5264927461394361,0.6873847977614793,-0.4693169006552962,-0.02212495072394303,-0.032789430871391065,3239
fx_usdbrl,0.06304163541073415,0.164518049885555,0.4537170420439181,0.7001340699744213,-0.2680175321120728,-0.015916465747335906,-0.022268484172954895,3239
brazil_external,0.026252349224862526,0.3390964739920336,0.24793655534283165,0.32534146867254105,-0.6654091952646235,-0.03294383534994363,-0.048428665647560945,3239
global_equity,0.1318919379852812,0.16921304850924523,0.8171455006876543,0.978435327768599,-0.3371723360453889,-0.016041765037526596,-0.02586951199448946,3239
vix,0.0336330255832491,1.3350647828654088,0.6322141325273728,1.2934736064844767,-0.8565727499514695,-0.10524591875011993,-0.14196897804819628,3239
