asset,annualized_return,annualized_volatility,sharpe_ratio,sortino_ratio,max_drawdown,historical_var_95,historical_cvar_95,observations
brazil_equity,0.09918156948166446,0.2314427803358863,0.5250748339323971,0.6856483580385253,-0.4693169006552962,-0.022127118263983534,-0.032789430871391065,3238
fx_usdbrl,0.06316722517662421,0.16454582002987497,0.45438626775211627,0.7012602086262085,-0.2680175321120728,-0.01591666719584553,-0.022268484172954895,3238
brazil_external,0.02564654119049936,0.33914374644102724,0.24620821641687263,0.32312009383852225,-0.6654091749234168,-0.032951222222172394,-0.04842865448163436,3238
global_equity,0.13303601514264307,0.16920331945072245,0.8231564821744655,0.9853193807476688,-0.33717272970521217,-0.016047456934161444,-0.025869514375217992,3238
vix,0.02271149487285773,1.3346150910511878,0.6240282539508805,1.2763961995508113,-0.8565727499514695,-0.10526705181731917,-0.1419488898623742,3238
