asset,annualized_return,annualized_volatility,sharpe_ratio,sortino_ratio,max_drawdown,historical_var_95,historical_cvar_95,observations
brazil_equity,0.09918566009121799,0.2314067653913745,0.525136423398414,0.6856077759791753,-0.4693169006552962,-0.02212495072394303,-0.032789430871391065,3239
fx_usdbrl,0.06322535481874514,0.16451782958356323,0.4547681393746653,0.7017301663064106,-0.2680175321120728,-0.015916465747335906,-0.022268484172954895,3239
brazil_external,0.025662245375206227,0.33909062943914314,0.2462382292601462,0.3231073286546515,-0.6654092465815545,-0.03294389091113233,-0.04842866203955039,3239
global_equity,0.13295657077677592,0.1691768783208628,0.8228439390169406,0.9847915245537177,-0.3371727790547798,-0.016041809110297307,-0.02586951615921826,3239
vix,0.02241060507139503,1.334432478505861,0.6237312273990856,1.2755136860400167,-0.8565727499514695,-0.10524591875011993,-0.14196897804819628,3239
