asset,annualized_return,annualized_volatility,sharpe_ratio,sortino_ratio,max_drawdown,historical_var_95,historical_cvar_95,observations
brazil_equity,0.09916605566046788,0.23144293273734712,0.5250136284774843,0.6855748073763177,-0.4693169006552962,-0.022127118263983534,-0.032789430871391065,3238
fx_usdbrl,0.0631560395248636,0.16454432323039436,0.4543249787558382,0.7011592423359405,-0.2680175321120728,-0.01591666719584553,-0.022268484172954895,3238
brazil_external,0.025670271577004744,0.3391429625608759,0.24627623932969472,0.3232071468240029,-0.6654091238384545,-0.03295117745599137,-0.048428651917138146,3238
global_equity,0.13327421392680439,0.1692076657592017,0.8243826643979164,0.9868115868447415,-0.3371728605461437,-0.016047144012431794,-0.025869546748291436,3238
vix,0.020890127149441717,1.3347672005018953,0.6227915480852291,1.273322419999547,-0.8565727499514695,-0.10526705181731917,-0.142072289343695,3238
