asset,annualized_return,annualized_volatility,sharpe_ratio,sortino_ratio,max_drawdown,historical_var_95,historical_cvar_95,observations
brazil_equity,0.09918156948166446,0.2314427803358863,0.5250748339323971,0.6856483580385253,-0.4693169006552962,-0.022127118263983534,-0.032789430871391065,3238
fx_usdbrl,0.0631144849614198,0.16453884336771257,0.45409712971928684,0.7007842639881594,-0.2680175321120728,-0.01591666719584553,-0.022268484172954895,3238
brazil_external,0.025788628089662424,0.33914000652271864,0.24661575252660797,0.32364097788110524,-0.6654091238384552,-0.0329512144624866,-0.04842866824847786,3238
global_equity,0.13329560213307823,0.16920813194592418,0.8244924516026458,0.9869469125167162,-0.3371727297052123,-0.016047001519849575,-0.025869506507655033,3238
vix,0.02046097853574458,1.3348059118562574,0.6225024253422217,1.2725828903322405,-0.8565727499514695,-0.10526705181731917,-0.142100986986596,3238
