asset,annualized_return,annualized_volatility,sharpe_ratio,sortino_ratio,max_drawdown,historical_var_95,historical_cvar_95,observations
brazil_equity,0.09924877133211019,0.23144224717826842,0.5253397903032926,0.6859656548186873,-0.4693169006552962,-0.022127118263983534,-0.032789430871391065,3238
fx_usdbrl,0.0612681775277506,0.16442125324974205,0.4437312826853054,0.6842978030830166,-0.2680175321120728,-0.01591666719584553,-0.022268484172954895,3238
brazil_external,0.02558730469983117,0.33914543990539736,0.2460383340159496,0.3229024679233064,-0.6654091441796517,-0.03295106968793616,-0.048428649049667684,3238
global_equity,0.1329775986202597,0.16920274895355852,0.8228537996059775,0.9849544372043563,-0.33717269756338464,-0.016047140813111524,-0.02586948265952308,3238
vix,0.021996010353887874,1.334672444175144,0.6235405904089701,1.2752016417815617,-0.8565727499514695,-0.10526705181731917,-0.14199767569109725,3238
