asset,annualized_return,annualized_volatility,sharpe_ratio,sortino_ratio,max_drawdown,historical_var_95,historical_cvar_95,observations
brazil_equity,0.09920225580059383,0.2314425942232389,0.5251564231918373,0.685746255647987,-0.4693169006552962,-0.022127118263983534,-0.032789430871391065,3238
fx_usdbrl,0.06324548571883182,0.16455655060499685,0.4548145603030096,0.7019669726580862,-0.2680175321120728,-0.01591666719584553,-0.022268484172954895,3238
brazil_external,0.025551730658226468,0.33914657264964504,0.2459363505249697,0.32277150234060287,-0.6654091850940206,-0.032951094968879366,-0.04842867274229088,3238
global_equity,0.13296508323177192,0.1692026304031321,0.8227889365919061,0.9848753281237631,-0.33717258279330076,-0.016047145459900294,-0.025869506710969183,3238
vix,0.022417603201436265,1.334638266118204,0.6238276532467717,1.2759076062642416,-0.8565727499514695,-0.10526705181731917,-0.14196897804819628,3238
