asset,annualized_return,annualized_volatility,sharpe_ratio,sortino_ratio,max_drawdown,historical_var_95,historical_cvar_95,observations
brazil_equity,0.09921776356944467,0.23144246752673564,0.5252175704974573,0.6858195140199348,-0.4693169006552962,-0.022127118263983534,-0.032789430871391065,3238
fx_usdbrl,0.06314645289074328,0.16454304774001588,0.45427243652356175,0.7010727194523181,-0.2680175321120728,-0.01591666719584553,-0.022268484172954895,3238
brazil_external,0.025670240282249734,0.3391429873718377,0.2462761520474395,0.3232070026860266,-0.6654091238384549,-0.032951046710696846,-0.048428665617882574,3238
global_equity,0.1330002672174586,0.16920299005679248,0.822971183121017,0.9850955220079837,-0.3371725988642291,-0.016047034243228273,-0.0258695233478345,3238
vix,0.022417603201436265,1.334638266118204,0.6238276532467717,1.2759076062642416,-0.8565727499514695,-0.10526705181731917,-0.14196897804819628,3238
