asset,annualized_return,annualized_volatility,sharpe_ratio,sortino_ratio,max_drawdown,historical_var_95,historical_cvar_95,observations
brazil_equity,0.09907291820675068,0.23144407845550513,0.5246458730996315,0.6851308755245722,-0.4693169006552962,-0.022127118263983534,-0.032789430871391065,3238
fx_usdbrl,0.06328858515982283,0.1645626533090275,0.4550500409810359,0.7023564631906402,-0.2680175321120728,-0.01591666719584553,-0.022268484172954895,3238
brazil_external,0.025563576625105,0.33914624586013054,0.24597032642516284,0.32281514955541873,-0.6654092058991372,-0.03295131876771028,-0.048428655790992856,3238
global_equity,0.13325538592119757,0.16920718526264203,0.82428628256379,0.9866944073603189,-0.3371728938248105,-0.016046856291837882,-0.02586951523474498,3238
vix,0.02161480760021317,1.3347042811346888,0.6232817441391195,1.2745582765938708,-0.8565727499514695,-0.10526705181731917,-0.14202350351497192,3238
