asset,annualized_return,annualized_volatility,sharpe_ratio,sortino_ratio,max_drawdown,historical_var_95,historical_cvar_95,observations
brazil_equity,0.09921259723045672,0.2314425085138632,0.52519720119882,0.6857951209010188,-0.4693169006552962,-0.022127118263983534,-0.032789430871391065,3238
fx_usdbrl,0.06316243258513365,0.16454517758370915,0.45436001019516814,0.7012169471843975,-0.2680175321120728,-0.01591666719584553,-0.022268484172954895,3238
brazil_external,0.02574130421733689,0.33914117242371794,0.24648000282039464,0.3234676137594418,-0.6654091853259783,-0.032951086020874515,-0.048428670199544506,3238
global_equity,0.13320521866126622,0.16920600438128297,0.8240290856617846,0.9863803838807137,-0.3371729431743732,-0.01604668372653158,-0.025869506575113433,3238
vix,0.021189261861655595,1.3347408519347188,0.6229935926572966,1.2738345588848894,-0.8565727499514695,-0.10526705181731917,-0.14205220115787293,3238
