asset,annualized_return,annualized_volatility,sharpe_ratio,sortino_ratio,max_drawdown,historical_var_95,historical_cvar_95,observations
brazil_equity,0.09921776356944467,0.23144246752673564,0.5252175704974573,0.6858195140199348,-0.4693169006552962,-0.022127118263983534,-0.032789430871391065,3238
fx_usdbrl,0.06350214800377452,0.16459492433954376,0.456212776822878,0.7042891973342561,-0.2680175321120728,-0.01591666719584553,-0.022268484172954895,3238
brazil_external,0.02567025905910114,0.33914305052160426,0.24627622624423307,0.32320713413662716,-0.6654090621189506,-0.03295140983097425,-0.04842866709950441,3238
global_equity,0.1330002672174595,0.16920290796452953,0.8229714998896279,0.985095679703835,-0.3371726160719565,-0.016046917865097595,-0.025869514122836945,3238
vix,0.022417603201436265,1.334638266118204,0.6238276532467717,1.2759076062642416,-0.8565727499514695,-0.10526705181731917,-0.14196897804819628,3238
