asset,annualized_return,annualized_volatility,sharpe_ratio,sortino_ratio,max_drawdown,historical_var_95,historical_cvar_95,observations
brazil_equity,0.09921776356944467,0.23144246752673564,0.5252175704974573,0.6858195140199348,-0.4693169006552962,-0.022127118263983534,-0.032789430871391065,3238
fx_usdbrl,0.06326783334242037,0.1645596977906178,0.4549366945649991,0.7021689052386229,-0.2680175321120728,-0.01591666719584553,-0.022268484172954895,3238
brazil_external,0.025670259059101586,0.3391429735177288,0.24627620462339853,0.32320713310579763,-0.6654091134358866,-0.03295111018642177,-0.04842864486875762,3238
global_equity,0.13300024005094646,0.1692028450149169,0.8229716015591226,0.9850957372698774,-0.33717251737278187,-0.016046896846856232,-0.025869499423809346,3238
vix,0.022417603201436265,1.334638266118204,0.6238276532467717,1.2759076062642416,-0.8565727499514695,-0.10526705181731917,-0.14196897804819628,3238
