bsti_regime,observations,share
calm,1968,0.6075949367088608
fragile,989,0.30534115467736955
stress,224,0.0691571472676752
extreme_stress,58,0.017906761346094473
