bsti_regime,observations,share
calm,1967,0.6074737492279184
fragile,989,0.30543545398394073
stress,224,0.06917850525015441
extreme_stress,58,0.017912291537986413
