bsti_regime,observations,share
calm,1967,0.607286199444273
fragile,990,0.3056498919419574
stress,224,0.0691571472676752
extreme_stress,58,0.017906761346094473
