state,episodes,avg_duration_observations,median_duration_observations,max_duration_observations,avg_bsti_0_100,max_bsti_0_100
normal,449,4.380846325167038,2.0,46,8.37338420336737,14.997848042304696
warning,525,1.8857142857142857,1.0,15,21.467985249341424,32.98283363310504
stress,165,1.709090909090909,1.0,24,41.686814159679464,99.51359199697131
