state,episodes,avg_duration_observations,median_duration_observations,max_duration_observations,avg_bsti_0_100,max_bsti_0_100
normal,450,4.373333333333333,2.0,46,8.386409743755516,14.997850807412453
warning,525,1.8838095238095238,1.0,15,21.475174787055813,32.98301051722266
stress,165,1.709090909090909,1.0,24,41.68681234399175,99.51359199697131
