state,episodes,avg_duration_observations,median_duration_observations,max_duration_observations,avg_bsti_0_100,max_bsti_0_100
normal,449,4.380846325167038,2.0,46,8.373382084112334,14.99785408367759
warning,525,1.8838095238095238,1.0,15,21.475173796682586,32.98275001500635
stress,165,1.709090909090909,1.0,24,41.68682972534265,99.51359199697131
