strategy,annualized_return,annualized_volatility,max_drawdown,annualized_active_return,tracking_error,information_ratio,hit_rate_vs_passive,avg_period_return,avg_active_return,best_active_period,worst_active_period,observations
passive_brazil_equity,0.12132509724924807,0.22236775392094899,-0.3777388172699806,0.0,0.0,,0.0,0.010110424770770673,0.0,0.0,0.0,151
covered_call,0.09265128912642046,0.16799032349156232,-0.36789470005993286,-0.0286738081228276,0.10331102670422082,-0.2775483802413525,0.7483443708609272,0.0077209407605350385,-0.0023894840102356334,0.07339450797880656,-0.16461207252423554,151
collar,0.05970388813097685,0.10222906730097349,-0.21492081316693523,-0.06162120911827122,0.1481724158492624,-0.4158750383131987,0.695364238410596,0.004975324010914738,-0.005135100759855935,0.31282214750929727,-0.176166969191041,151
stress_aware_overlay,0.07563653016950175,0.13617391985931956,-0.2300677520444525,-0.04568856707974631,0.13619753772532153,-0.33545809889668804,0.44370860927152317,0.006303044180791813,-0.0038073805899788596,0.31282214750929727,-0.176166969191041,151
bsti_policy_overlay,0.17669268559014484,0.1765508506412533,-0.25006447893004,0.05536758834089679,0.1018481541437543,0.543628785483415,0.3576158940397351,0.014724390465845404,0.004613965695074732,0.31282214750929727,-0.08889306683626616,151
