horizon_days,bsti_threshold,observations,signal_observations,signal_frequency,avg_forward_return_signal_on,avg_forward_return_signal_off,avg_forward_max_drawdown_signal_on,avg_forward_max_drawdown_signal_off,future_negative_return_precision,future_drawdown_5pct_precision,future_drawdown_10pct_precision,future_negative_return_recall,future_drawdown_5pct_recall,future_drawdown_10pct_recall
21,15.0,3229,1263,0.3911427686590276,0.0073415121274077,0.012275175292392394,-0.059786356956452166,-0.047364437256577,0.44813935075217737,0.48139350752177357,0.1060965954077593,0.39859154929577467,0.43804034582132567,0.638095238095238
21,33.0,3229,281,0.08702384639207185,-0.0049884987190990425,0.01180701919329247,-0.08093909648743171,-0.049486013015421,0.4555160142348754,0.5800711743772242,0.2206405693950178,0.09014084507042254,0.11743515850144093,0.29523809523809524
21,50.0,3229,58,0.01796221740476928,-0.011710733631288384,0.010748832227175686,-0.09963779218720634,-0.051355932051583564,0.4482758620689655,0.6206896551724138,0.3103448275862069,0.018309859154929577,0.025936599423631124,0.08571428571428572
63,15.0,3229,1263,0.3911427686590276,0.03618463849004384,0.028492321447310502,-0.10273295969791868,-0.09017999340204041,0.39667458432304037,0.8566904196357878,0.3499604117181314,0.4011208967173739,0.3860149839457724,0.44155844155844154
63,33.0,3229,281,0.08702384639207185,0.024060258331838832,0.03221036966997663,-0.12622328366849372,-0.09212240583990366,0.4306049822064057,0.900355871886121,0.45195729537366547,0.09687750200160128,0.09026043524794862,0.12687312687312688
63,50.0,3229,58,0.01796221740476928,0.016642553815151763,0.031772890021147596,-0.14935470689286137,-0.09409745257871231,0.46551724137931033,0.9827586206896551,0.5689655172413793,0.021617293835068056,0.02033535497681056,0.03296703296703297
