strategy,annualized_return,annualized_volatility,max_drawdown,annualized_active_return,tracking_error,information_ratio,hit_rate_vs_passive,avg_period_return,avg_active_return,best_active_period,worst_active_period,observations
passive_brazil_equity,0.12086427592997931,0.22240495262513282,-0.3777388172699806,0.0,0.0,,0.0,0.010072022994164943,0.0,0.0,0.0,151
covered_call,0.09219046780715168,0.1680030888845612,-0.36789470005993286,-0.0286738081228276,0.10331102670422082,-0.2775483802413525,0.7483443708609272,0.007682538983929307,-0.0023894840102356334,0.07339450797880656,-0.16461207252423554,151
collar,0.059243066811708094,0.10226586164789493,-0.21492081316693523,-0.06162120911827122,0.1481724158492624,-0.4158750383131987,0.695364238410596,0.004936922234309008,-0.005135100759855935,0.31282214750929727,-0.176166969191041,151
stress_aware_overlay,0.075175708850233,0.13620606648979536,-0.2300677520444525,-0.04568856707974631,0.13619753772532153,-0.33545809889668804,0.44370860927152317,0.006264642404186083,-0.0038073805899788596,0.31282214750929727,-0.176166969191041,151
bsti_policy_overlay,0.17537197155007045,0.17667882830111198,-0.25006447893004,0.05450769562009114,0.1018410824011632,0.5352230586609374,0.3509933774834437,0.014614330962505872,0.004542307968340928,0.31282214750929727,-0.08889306683626616,151
