state,episodes,avg_duration_observations,median_duration_observations,max_duration_observations,avg_bsti_0_100,max_bsti_0_100
normal,450,4.373333333333333,2.0,46,8.38470302319296,14.997819381131128
warning,525,1.8838095238095238,1.0,15,21.475171222727063,32.98297105974397
stress,165,1.709090909090909,1.0,24,41.68682095389612,99.51359199697131
