bsti_threshold,strategy,observations,avg_active_return,annualized_active_return,tracking_error,information_ratio,hit_rate_vs_passive,best_active_period,worst_active_period
15.0,covered_call,58,0.00429853092168364,0.05158237106020368,0.06725617862213751,0.7669536407949475,0.9137931034482759,0.021207178458322488,-0.08889306683626616
15.0,collar,58,0.010652805313180672,0.12783366375816807,0.16981974190678062,0.7527609117928113,0.8793103448275862,0.31282214750929727,-0.09192215371219495
15.0,stress_aware_overlay,58,0.006436100096597584,0.07723320115917101,0.1609594423841236,0.4798301983108074,0.4827586206896552,0.31282214750929727,-0.08889306683626616
33.0,covered_call,9,0.007759625111018072,0.09311550133221687,0.015144739284933185,6.1483726844247,1.0,0.01783494347118931,0.003038136548254834
33.0,collar,9,0.05626781508455465,0.6752137810146558,0.3515743111528116,1.9205435653151985,1.0,0.31282214750929727,0.0016419303927366312
33.0,stress_aware_overlay,9,0.03806665893882149,0.45679990726585784,0.3575331305755019,1.277643575381592,0.4444444444444444,0.31282214750929727,0.0
50.0,covered_call,6,0.006202898800422143,0.07443478560506571,0.00936185342324538,7.950859967562081,1.0,0.009810721844398927,0.003038136548254834
50.0,collar,6,0.011894221603204642,0.1427306592384557,0.05017578272572758,2.8446125099563364,1.0,0.036056473501465895,0.0016419303927366312
50.0,stress_aware_overlay,6,0.0007186427604210458,0.00862371312505255,0.006097886029732091,1.4142135623730951,0.16666666666666666,0.004311856562526275,0.0
