state,episodes,avg_duration_observations,median_duration_observations,max_duration_observations,avg_bsti_0_100,max_bsti_0_100
normal,450,4.373333333333333,2.0,46,8.38641229578089,14.997891540978262
warning,525,1.8838095238095238,1.0,15,21.47517439736964,32.98290153451695
stress,165,1.709090909090909,1.0,24,41.68682564039747,99.51359199697131
