state,episodes,avg_duration_observations,median_duration_observations,max_duration_observations,avg_bsti_0_100,max_bsti_0_100
normal,449,4.380846325167038,2.0,46,8.373381236592214,14.997820595944503
warning,525,1.8838095238095238,1.0,15,21.477913526279035,32.982879053135754
stress,165,1.709090909090909,1.0,24,41.68681868046538,99.51359199697131
