weight_scheme,horizon_days,bsti_threshold,governance_score,observations,signal_observations,signal_frequency,avg_forward_return_signal_on,avg_forward_return_signal_off,avg_forward_max_drawdown_signal_on,avg_forward_max_drawdown_signal_off,future_negative_return_precision,future_drawdown_5pct_precision,future_drawdown_10pct_precision,future_negative_return_recall,future_drawdown_5pct_recall,future_drawdown_10pct_recall,selection_rule
local_risk_heavy,21,50.0,0.34329920127406544,3229,116,0.03592443480953856,-0.020773849885586924,0.01150810334438009,-0.10555995597011003,-0.05023568827173038,0.5344827586206896,0.7068965517241379,0.35344827586206895,0.04366197183098591,0.059077809798270896,0.19523809523809524,max_governance_score
balanced,63,10.0,0.5031965147177532,3229,1835,0.5682873954784763,0.03864272816956271,0.022130049749268063,-0.09798511322263335,-0.09127899021761159,0.38365122615803815,0.8643051771117166,0.32643051771117165,0.5636509207365893,0.5658223332144131,0.5984015984015985,max_governance_score
