bsti_threshold,strategy,observations,avg_active_return,annualized_active_return,tracking_error,information_ratio,hit_rate_vs_passive,best_active_period,worst_active_period
15.0,covered_call,59,0.004409069664312807,0.05290883597175368,0.06673870645068085,0.7927758685411848,0.9152542372881356,0.021207178458322488,-0.08889306683626616
15.0,collar,59,0.010550007348855502,0.12660008818626603,0.16837163282087395,0.7519086562577466,0.8813559322033898,0.31282214750929727,-0.09192215371219495
15.0,stress_aware_overlay,59,0.006404771712214501,0.07685726054657402,0.15956800529851806,0.48165833998357194,0.4915254237288136,0.31282214750929727,-0.08889306683626616
33.0,covered_call,9,0.007759625111018072,0.09311550133221687,0.015144739284933185,6.1483726844247,1.0,0.01783494347118931,0.003038136548254834
33.0,collar,9,0.05626781508455465,0.6752137810146558,0.3515743111528116,1.9205435653151985,1.0,0.31282214750929727,0.0016419303927366312
33.0,stress_aware_overlay,9,0.03806665893882149,0.45679990726585784,0.3575331305755019,1.277643575381592,0.4444444444444444,0.31282214750929727,0.0
50.0,covered_call,6,0.006202898800422143,0.07443478560506571,0.00936185342324538,7.950859967562081,1.0,0.009810721844398927,0.003038136548254834
50.0,collar,6,0.011894221603204642,0.1427306592384557,0.05017578272572758,2.8446125099563364,1.0,0.036056473501465895,0.0016419303927366312
50.0,stress_aware_overlay,6,0.0007186427604210458,0.00862371312505255,0.006097886029732091,1.4142135623730951,0.16666666666666666,0.004311856562526275,0.0
