horizon_days,bsti_threshold,observations,signal_observations,signal_frequency,avg_forward_return_signal_on,avg_forward_return_signal_off,avg_forward_max_drawdown_signal_on,avg_forward_max_drawdown_signal_off,future_negative_return_precision,future_drawdown_5pct_precision,future_drawdown_10pct_precision,future_negative_return_recall,future_drawdown_5pct_recall,future_drawdown_10pct_recall
21,15.0,3228,1263,0.3912639405204461,0.007301901091090131,0.012295787232259972,-0.059786356956452166,-0.04736566419203737,0.44813935075217737,0.48139350752177357,0.1060965954077593,0.3988724453840733,0.43804034582132567,0.638095238095238
21,33.0,3228,281,0.08705080545229243,-0.005008361552247494,0.011805521746053352,-0.08093909648743171,-0.04948755102150803,0.4555160142348754,0.5800711743772242,0.2206405693950178,0.09020436927413672,0.11743515850144093,0.29523809523809524
21,50.0,3228,58,0.017967781908302356,-0.011710733631288384,0.010745345596231045,-0.09963779218720634,-0.05135795174337367,0.4482758620689655,0.6206896551724138,0.3103448275862069,0.018322762508809022,0.025936599423631124,0.08571428571428572
63,15.0,3228,1263,0.3912639405204461,0.03607204806410479,0.028455407817108473,-0.10273295969791868,-0.09020300942459772,0.39667458432304037,0.8566904196357878,0.3499604117181314,0.4014423076923077,0.3860149839457724,0.44155844155844154
63,33.0,3228,281,0.08705080545229243,0.023922743134942248,0.03215187724623812,-0.12622328366849372,-0.09213841157345062,0.4306049822064057,0.900355871886121,0.45195729537366547,0.09695512820512821,0.09026043524794862,0.12687312687312688
63,50.0,3228,58,0.017967781908302356,0.016545887960526938,0.03170795317472301,-0.14935470689286137,-0.09411295540000626,0.46551724137931033,0.9827586206896551,0.5689655172413793,0.021634615384615384,0.02033535497681056,0.03296703296703297
