state,episodes,avg_duration_observations,median_duration_observations,max_duration_observations,avg_bsti_0_100,max_bsti_0_100
normal,449,4.380846325167038,2.0,46,8.373385066217462,14.997783394775253
warning,525,1.8838095238095238,1.0,15,21.475168611126303,32.98298129391164
stress,165,1.709090909090909,1.0,24,41.68682409829151,99.51359199697131
