state,episodes,avg_duration_observations,median_duration_observations,max_duration_observations,avg_bsti_0_100,max_bsti_0_100
normal,450,4.373333333333333,2.0,46,8.386405803307376,14.9978932139632
warning,525,1.8838095238095238,1.0,15,21.47516971112724,32.982909933514534
stress,165,1.709090909090909,1.0,24,41.686817649040236,99.51359199697131
