state,episodes,avg_duration_observations,median_duration_observations,max_duration_observations,avg_bsti_0_100,max_bsti_0_100
normal,450,4.373333333333333,2.0,46,8.386416586114272,14.997748991751367
warning,525,1.8838095238095238,1.0,15,21.475172315497154,32.98295393816067
stress,165,1.709090909090909,1.0,24,41.686821601550065,99.51359199697131
