selected_strategy,observations,share,avg_bsti_0_100,avg_selected_return,avg_benchmark_return,avg_active_return,positive_active_rate
collar,9,0.059602649006622516,51.05308329711832,-0.032009462040650104,-0.08827727712520474,0.05626781508455465,1.0
covered_call,50,0.33112582781456956,22.060229075894945,-0.007095932653794392,-0.010901902337700253,0.003805969683905859,0.9
passive_brazil_equity,92,0.609271523178808,7.2565583279764905,0.031092022642725675,0.031092022642725675,0.0,0.0
