state,episodes,avg_duration_observations,median_duration_observations,max_duration_observations,avg_bsti_0_100,max_bsti_0_100
normal,449,4.380846325167038,2.0,46,8.373381753998974,14.997782441771742
warning,525,1.8857142857142857,1.0,15,21.467934119544832,32.982850045035946
stress,165,1.709090909090909,1.0,24,41.686824472719586,99.51359199697131
