state,episodes,avg_duration_observations,median_duration_observations,max_duration_observations,avg_bsti_0_100,max_bsti_0_100
normal,449,4.380846325167038,2.0,46,8.373384167333057,14.997930078066283
warning,525,1.8838095238095238,1.0,15,21.47757903733138,32.98301248738747
stress,165,1.709090909090909,1.0,24,41.68681113470645,99.51359199697131
