strategy,avg_gross_active_return,avg_implementation_drag,avg_net_active_return,total_implementation_drag,drag_to_gross_signal,cost_survival_ratio,avg_active_when_passive_positive,avg_active_when_passive_negative,best_net_active_period,worst_net_active_period,observations
covered_call,-0.001889484010235633,-0.0005000000000000004,-0.0023894840102356334,-0.07550000000000007,0.2646225092625402,1.2646225092625403,-0.013160772312403755,0.010782574038763945,0.07339450797880656,-0.16461207252423554,151
collar,-0.004135100759855934,-0.0010000000000000007,-0.005135100759855935,-0.1510000000000001,0.24183207570372248,1.2418320757037224,-0.022301869780004202,0.015993294241386333,0.31282214750929727,-0.176166969191041,151
stress_aware_overlay,-0.003221287874747071,-0.0005860927152317886,-0.0038073805899788596,-0.08850000000000008,0.1819436008269852,1.1819436008269852,-0.016087769401365127,0.011287554155183272,0.31282214750929727,-0.176166969191041,151
