strategy,avg_underlying_return,avg_call_premium_income,avg_put_protection_cost,avg_option_payoff_effect,avg_implementation_drag,avg_gross_overlay_effect,avg_net_overlay_effect,avg_net_strategy_return,positive_net_overlay_rate,observations
collar,0.010510718354478867,0.012976679945577184,-0.012331167727457584,-0.007319751520472203,-0.0010000000000000002,-0.0066742393023526,-0.007674239302352601,0.0028364790521262654,0.24025974025974026,154
covered_call,0.010510718354478867,0.012976679945577184,0.0,-0.01625095076384492,-0.0005000000000000001,-0.0032742708182677332,-0.0037742708182677337,0.006736447536211132,0.7207792207792207,154
stress_aware_overlay,0.010510718354478867,0.009358602642210646,-0.007847771210910568,-0.007224835111380726,-0.0005714285714285715,-0.005714003680080645,-0.006285432251509218,0.004225286102969648,0.2077922077922078,154
