strategy,avg_underlying_return,avg_call_premium_income,avg_put_protection_cost,avg_option_payoff_effect,avg_implementation_drag,avg_gross_overlay_effect,avg_net_overlay_effect,avg_net_strategy_return,positive_net_overlay_rate,observations
collar,0.010510718354478867,0.012976676627549142,-0.012331164526958698,-0.007319751520472203,-0.0010000000000000002,-0.006674239419881754,-0.007674239419881753,0.0028364789345971123,0.24025974025974026,154
covered_call,0.010510718354478867,0.012976676627549142,0.0,-0.01625095076384492,-0.0005000000000000001,-0.003274274136295775,-0.0037742741362957757,0.0067364442181830925,0.7207792207792207,154
stress_aware_overlay,0.010510718354478867,0.009358602642210646,-0.007847771210910568,-0.007224835111380726,-0.0005714285714285715,-0.005714003680080645,-0.006285432251509218,0.004225286102969648,0.2077922077922078,154
