strategy,annualized_return,annualized_volatility,sharpe_ratio,max_drawdown,best_period,worst_period,observations
passive_brazil_equity,0.09923455409319648,0.2224094706170616,0.5432177209111169,-0.3777388172699806,0.21219828748684244,-0.35920579382264195,151
covered_call,0.08559131979788503,0.1680053093636543,0.5841658099172699,-0.36708280793596815,0.10622639763469069,-0.35112954367495824,151
collar,0.068018017916325,0.10227114011668091,0.6961451347677375,-0.19646014661049593,0.04208705852597679,-0.04657626826361771,151
