strategy,annualized_return,annualized_volatility,sharpe_ratio,max_drawdown,best_period,worst_period,observations
passive_brazil_equity,0.09927152142187756,0.22240629448579124,0.5433750182363125,-0.3777388172699806,0.21219828748684244,-0.35920579382264195,151
covered_call,0.07916603580151005,0.16800373721295667,0.5486557485469504,-0.36789470005993286,0.10572639763469069,-0.35162954367495824,151
collar,0.0553712087353635,0.10226741589549099,0.579156270696654,-0.21492081316693523,0.041087058525976786,-0.04757626826361771,151
stress_aware_overlay,0.06791643479009157,0.13620737329736332,0.5518163622335718,-0.2300677520444525,0.10576197758677441,-0.14326862034026705,151
