strategy,annualized_return,annualized_volatility,sharpe_ratio,max_drawdown,best_period,worst_period,observations
passive_brazil_equity,0.09929263339324224,0.2224045081160214,0.5434648113631934,-0.3777388172699806,0.21219828748684244,-0.35920579382264195,151
covered_call,0.07918653740316173,0.16800287626291788,0.5487716518762922,-0.36789470005993286,0.10572639763469069,-0.35162954367495824,151
collar,0.05539138402205701,0.10226534937380746,0.5793537624827291,-0.21492081316693523,0.041087058525976786,-0.04757626826361771,151
stress_aware_overlay,0.06793684990096271,0.13620563527321122,0.5519628965354378,-0.2300677520444525,0.10576197758677441,-0.14326862034026705,151
