strategy,annualized_return,annualized_volatility,sharpe_ratio,max_drawdown,best_period,worst_period,observations
passive_brazil_equity,0.09928208202209765,0.22240539840889462,0.5434199379826192,-0.3777388172699806,0.21219828748684244,-0.35920579382264195,151
covered_call,0.0791762910772944,0.16800330319451362,0.5487137332103603,-0.36789470005993286,0.10572639763469069,-0.35162954367495824,151
collar,0.05538130078592296,0.10226637669341429,0.5792550846861558,-0.21492081316693523,0.041087058525976786,-0.04757626826361771,151
stress_aware_overlay,0.0679266468051285,0.13620649978778365,0.551889673750775,-0.2300677520444525,0.10576197758677441,-0.14326862034026705,151
