strategy,annualized_return,annualized_volatility,sharpe_ratio,max_drawdown,best_period,worst_period,observations
passive_brazil_equity,0.09977174861409588,0.22236937788543928,0.5454948127595822,-0.3777388172699806,0.21219828748684244,-0.35920579382264195,151
covered_call,0.07965181412968936,0.16799059271261,0.5513852444625725,-0.36789470005993286,0.10572639763469069,-0.35162954367495824,151
collar,0.05584924767350197,0.10223032537187392,0.5837811120889845,-0.21492081316693523,0.041087058525976786,-0.04757626826361771,151
stress_aware_overlay,0.06840015618999518,0.13617509748496673,0.5552613985217348,-0.2300677520444525,0.10576197758677441,-0.14326862034026705,151
