strategy,annualized_return,annualized_volatility,sharpe_ratio,max_drawdown,best_period,worst_period,observations
passive_brazil_equity,0.09925039669522095,0.22240810195841113,0.543285142409671,-0.3777388172699806,0.21219828748684244,-0.35920579382264195,151
covered_call,0.07914552186272994,0.16800462554020676,0.5485397138703029,-0.36789470005993286,0.10572639763469069,-0.35162954367495824,151
collar,0.05535102128003655,0.10226952760575941,0.5789584601927342,-0.21492081316693523,0.041087058525976786,-0.04757626826361771,151
stress_aware_overlay,0.06789600736593804,0.13620914533063735,0.5516696407087139,-0.2300677520444525,0.10576197758677441,-0.14326862034026705,151
