strategy,annualized_return,annualized_volatility,sharpe_ratio,max_drawdown,best_period,worst_period,observations
passive_brazil_equity,0.09931374872135623,0.22240274148647307,0.5435545902814218,-0.3777388172699806,0.21219828748684244,-0.35920579382264195,151
covered_call,0.07920704231386444,0.16800204203354335,0.5488875122417006,-0.36789470005993286,0.10572639763469069,-0.35162954367495824,151
collar,0.05541156253728907,0.10226332646650564,0.5795510859632101,-0.21492081316693523,0.041087058525976786,-0.04757626826361771,151
stress_aware_overlay,0.06795726827875015,0.13620392993322808,0.5521093553120232,-0.2300677520444525,0.10576197758677441,-0.14326862034026705,151
