strategy,annualized_return,annualized_volatility,sharpe_ratio,max_drawdown,best_period,worst_period,observations
passive_brazil_equity,0.0994192308221562,0.22239421663350684,0.544002654354734,-0.3777388172699806,0.21219828748684244,-0.35920579382264195,151
covered_call,0.07930947579926895,0.16799827749914717,0.5494653719852003,-0.36789470005993286,0.10572639763469069,-0.35162954367495824,151
collar,0.055512365078197456,0.10225388022473572,0.5805338136120756,-0.21492081316693523,0.041087058525976786,-0.04757626826361771,151
stress_aware_overlay,0.06805926906218418,0.13619590532226228,0.5528395064731485,-0.2300677520444525,0.10576197758677441,-0.14326862034026705,151
