strategy,annualized_return,annualized_volatility,sharpe_ratio,max_drawdown,best_period,worst_period,observations
passive_brazil_equity,0.0992873578543092,0.22240495262513282,0.5434423761852912,-0.3777388172699806,0.21219828748684244,-0.35920579382264195,151
covered_call,0.07918141438108739,0.1680030888845612,0.5487426952637632,-0.36789470005993286,0.10572639763469069,-0.35162954367495824,151
collar,0.05538634254347641,0.10226586164789493,0.5793044311862752,-0.21492081316693523,0.041087058525976786,-0.04757626826361771,151
stress_aware_overlay,0.06793174849419015,0.13620606648979536,0.5519262892439905,-0.2300677520444525,0.10576197758677441,-0.14326862034026705,151
