strategy,annualized_return,annualized_volatility,sharpe_ratio,max_drawdown,best_period,worst_period,observations
passive_brazil_equity,0.09925568234633286,0.22240764782977449,0.5433076330481248,-0.3777388172699806,0.21219828748684244,-0.35920579382264195,151
covered_call,0.0791506546830103,0.16800440075142736,0.5485687528371788,-0.36789470005993286,0.10572639763469069,-0.35162954367495824,151
collar,0.05535607241306728,0.10226899511022795,0.5790079733559678,-0.21492081316693523,0.041087058525976786,-0.04757626826361771,151
stress_aware_overlay,0.0679011185419236,0.13620869885609946,0.5517063613818103,-0.2300677520444525,0.10576197758677441,-0.14326862034026705,151
