strategy,annualized_return,annualized_volatility,sharpe_ratio,max_drawdown,best_period,worst_period,observations
passive_brazil_equity,0.09925039669522095,0.22240810195841113,0.543285142409671,-0.3777388172699806,0.21219828748684244,-0.35920579382264195,151
covered_call,0.0856067886799694,0.16800462554020676,0.5842530162910394,-0.36708280793596815,0.10622639763469069,-0.35112954367495824,151
collar,0.06803332412152963,0.10226952760575941,0.6962954644884715,-0.19646014661049593,0.04208705852597679,-0.04657626826361771,151
