strategy,annualized_return,annualized_volatility,sharpe_ratio,max_drawdown,best_period,worst_period,observations
passive_brazil_equity,0.09923455409319648,0.2224094706170616,0.5432177209111169,-0.3777388172699806,0.21219828748684244,-0.35920579382264195,151
covered_call,0.0791301373567781,0.1680053093636543,0.548452652858568,-0.36789470005993286,0.10572639763469069,-0.35162954367495824,151
collar,0.055335881603287396,0.10227114011668091,0.5788099805266755,-0.21492081316693523,0.041087058525976786,-0.04757626826361771,151
stress_aware_overlay,0.06788068772344258,0.13621049589643627,0.551559541454305,-0.2300677520444525,0.10576197758677441,-0.14326862034026705,151
