strategy,annualized_return,annualized_volatility,sharpe_ratio,max_drawdown,best_period,worst_period,observations
passive_brazil_equity,0.09964036481402716,0.22237797595188802,0.5449396389303879,-0.3777388172699806,0.21219828748684244,-0.35920579382264195,151
covered_call,0.07952422262521908,0.16799257269043807,0.5506717607624938,-0.36789470005993286,0.10572639763469069,-0.35162954367495824,151
collar,0.05572369045729819,0.10223765681174328,0.582577561540708,-0.21492081316693523,0.041087058525976786,-0.04757626826361771,151
stress_aware_overlay,0.06827310647177232,0.13618176715058783,0.5543620737280188,-0.2300677520444525,0.10576197758677441,-0.14326862034026705,151
