strategy,annualized_return,annualized_volatility,sharpe_ratio,max_drawdown,best_period,worst_period,observations
passive_brazil_equity,0.09931902279351235,0.22240230335462002,0.5435770103198958,-0.3777388172699806,0.21219828748684244,-0.35920579382264195,151
covered_call,0.07921216392697117,0.16800183785869616,0.5489164416195216,-0.36789470005993286,0.10572639763469069,-0.35162954367495824,151
collar,0.05541660262063708,0.10226282805866094,0.579600341127783,-0.21492081316693523,0.041087058525976786,-0.04757626826361771,151
stress_aware_overlay,0.06796236827370494,0.13620350913031506,0.5521459215420337,-0.2300677520444525,0.10576197758677441,-0.14326862034026705,151
